S.No,College Name,Address
1,A.U. College of Engineering for Women,"Visakhapatnam, Andhra Pradesh"
2,A1 Global Institute of Engineering and Technology,"Markapur, Prakasam District, Andhra Pradesh"
3,ABR College of Engineering and Technology,"Kanigiri, Prakasam District, Andhra Pradesh"
4,AKRG College of Engineering and Technology,"Nallajerla, West Godavari District, Andhra Pradesh"
5,AM Reddy Memorial College of Engineering and Technology,"Narasaraopet, Guntur District, Andhra Pradesh"
6,AMAKSIK College of Technology and Management,"Anakapalle, Visakhapatnam District, Andhra Pradesh"
7,ASN Women's Engineering College,"Guntur, Andhra Pradesh"
8,AVR and SVR College of Engineering and Technology,"Kurnool, Andhra Pradesh"
9,AVS College of Engineering and Technology,"Nellore, Andhra Pradesh"
10,Acharya College of Engineering,"Badvel, Kadapa District, Andhra Pradesh"
11,Acharya Nagarjuna University College of Engineering,"Guntur, Andhra Pradesh"
12,Adarsh College of Engineering,"Kakinada, East Godavari District, Andhra Pradesh"
13,Aditya College of Engineering,"Chittoor/Surampalem, Andhra Pradesh"
14,Aditya College of Engineering and Technology,"Surampalem, East Godavari District, Andhra Pradesh"
15,Aditya Engineering College,"Surampalem, East Godavari District, Andhra Pradesh"
16,Aditya Institute of Technology and Management (AITAM),"Tekkali, Srikakulam District, Andhra Pradesh"
17,Akula Sree Ramulu Institute of Engineering and Technology,"Tadepalligudem, West Godavari District, Andhra Pradesh"
18,Akula Sreeramulu College of Engineering,"Tanuku, West Godavari District, Andhra Pradesh"
19,Al Ameer College of Engineering and Information Technology,"Visakhapatnam, Andhra Pradesh"
20,Amalapuram Institute of Management Sciences and College of Engineering,"Mummidivaram, East Godavari District, Andhra Pradesh"
21,Amara Institute of Engineering and Technology,"Guntur, Andhra Pradesh"
22,Amrita Sai Institute of Science and Technology,"Krishna District, Andhra Pradesh"
23,Amrita Vishwa Vidyapeetham Amaravati Campus,"Amaravati, Andhra Pradesh"
24,Anantha Lakshmi Institute of Technology and Sciences,"Anantapur, Andhra Pradesh"
25,Andhra Engineering College,"Nellore, Andhra Pradesh"
26,Andhra Loyola Institute of Engineering and Technology (ALIET),"Vijayawada, Krishna District, Andhra Pradesh"
27,Andhra University College of Engineering,"Visakhapatnam, Andhra Pradesh"
28,Anil Neerukonda Institute of Technology and Sciences (ANITS),"Visakhapatnam, Andhra Pradesh"
29,Annamacharya Institute of Technology and Sciences,"Kadapa, Andhra Pradesh"
30,Ashoka Women's Engineering College,"Kurnool, Andhra Pradesh"
31,Atmakur Engineering College,"Nellore, Andhra Pradesh"
32,Audisankara College of Engineering and Technology,"Gudur/Nellore, Andhra Pradesh"
33,"Audisankara College of Engineering and Technology, Kodavalur","Kodavalur, Nellore District, Andhra Pradesh"
34,Audisankara College of Engineering for Women,"Gudur, Nellore District, Andhra Pradesh"
35,Audisankara Institute of Technology,"Gudur, Nellore District, Andhra Pradesh"
36,Avanthi Institute of Engineering and Technology,"Visakhapatnam/Bhogapuram, Andhra Pradesh"
37,Avanthi's Research and Technological Academy,"Bhogapuram, Vizianagaram District, Andhra Pradesh"
38,Avanthi's Research and Technological Academy Bhogapuram,"Bhogapuram, Vizianagaram District, Andhra Pradesh"
39,Avanthi's Sri Gnaneswari Research and Technological Academy for Women,"Bhogapuram, Vizianagaram District, Andhra Pradesh"
40,Avanthi's St Theressa Institute of Engineering and Technology,"Garividi, Vizianagaram District, Andhra Pradesh"
41,BIT Institute of Technology,"Hindupur, Anantapur District, Andhra Pradesh"
42,BVC College of Engineering,"Rajahmundry, East Godavari District, Andhra Pradesh"
43,BVCITS East Godavari - Bonam Venkata Chalamayya Institute of Technology and Science,"East Godavari District, Andhra Pradesh"
44,"BVCITS East Godavari - Bonam Venkata Chalamayya Institute of Technology and Science, East Godavari","East Godavari District, Andhra Pradesh"
45,Baba Institute of Technology and Sciences (BITS),"Visakhapatnam, Andhra Pradesh"
46,Badari Institute of Technology and Sciences for Women,"Kakinada, East Godavari District, Andhra Pradesh"
47,Balaji Institute of Engineering and Management Studies,"Nellore, Andhra Pradesh"
48,Bapatla Engineering College (BEC),"Bapatla, Guntur District, Andhra Pradesh"
49,Bapatla Women's Engineering College (BWEC),"Bapatla, Guntur District, Andhra Pradesh"
50,Behara College of Engineering and Technology (BCET),"Visakhapatnam, Andhra Pradesh"
51,Bharath College of Engineering and Technology for Women,"Kadapa, Andhra Pradesh"
52,Bharath Educational Society's Group of Institutions- Faculty of Engineering,"Chittoor, Andhra Pradesh"
53,Bharatiya Engineering Science and Technology Innovation University (BESTIU),"Anantapur, Andhra Pradesh"
54,Bhaskar Institute of Technology and Science,"Rayachoty, Kadapa District, Andhra Pradesh"
55,Bheema Institute of Technology and Science,"Adoni, Kurnool District, Andhra Pradesh"
56,Bhimavaram Institute of Engineering and Technology,"Bhimavaram, West Godavari District, Andhra Pradesh"
57,Bhuma Shobha Nagireddy Memorial College of Engineering and Technology,"Kurnool, Andhra Pradesh"
58,Bonam Venkata Chalamayya Engineering College,"Odalarevu/Rajahmundry, East Godavari District, Andhra Pradesh"
59,Bonam Venkata Chalamayya Institute of Technology and Science (BVCITS),"East Godavari District, Andhra Pradesh"
60,Brahmaiah College of Engineering,"Nellore, Andhra Pradesh"
61,Brahmas Institute of Engineering and Technology,"Nellore, Andhra Pradesh"
62,Brindavan Institute of Technology and Science,"Kurnool, Andhra Pradesh"
63,Buchepalli Venkayamma Subbareddy Engineering College,"Chimakurthy/Prakasam District, Andhra Pradesh"
64,Centurion University of Technology and Management,"Vizianagaram, Andhra Pradesh"
65,Chadalawada Ramanamma Engineering College (CREC),"Tirupati, Andhra Pradesh"
66,Chadalawada Venkata Subbaiah College of Engineering,"Tirupati, Andhra Pradesh"
67,Chadalawada Venkta Subbaiah College of Engineering,"Tirupati, Andhra Pradesh"
68,Chaitanya Bharathi Institute of Technology,"Cuddapah, Kadapa District, Andhra Pradesh"
69,Chaitanya Engineering College,"Bhimavaram/Visakhapatnam, Andhra Pradesh"
70,Chaitanya Institute of Science and Technology,"Madhavapatnam, Krishna District, Andhra Pradesh"
71,Chalapathi Institute of Engineering and Technology (CIET),"Guntur, Andhra Pradesh"
72,Chintalapudi Engineering College,"Guntur, Andhra Pradesh"
73,Chirala Engineering College (CEC),"Chirala, Prakasam District, Andhra Pradesh"
74,Chiranjeevi Reddy Institute of Engineering and Technology,"Anantapur, Andhra Pradesh"
75,Coastal Institute of Technology and Management,"Vizianagaram, Andhra Pradesh"
76,"College of Engineering, Dr BR Ambedkar University, Srikakulam","Srikakulam, Andhra Pradesh"
77,DJR College of Engineering and Technology,"Vijayawada, Krishna District, Andhra Pradesh"
78,DJR Institute of Engineering and Technology,"Vijayawada, Krishna District, Andhra Pradesh"
79,DNR College of Engineering and Technology,"Bhimavaram, West Godavari District, Andhra Pradesh"
80,Dadi Institute of Engineering and Technology,"Visakhapatnam, Andhra Pradesh"
81,Daita Madhusudana Sastry Sri Venkateswara Hindu College of Engineering,"Machilipatnam, Krishna District, Andhra Pradesh"
82,Damsetty Srinivasa Naidu's DBS Institute of Technology,"Nellore, Andhra Pradesh"
83,Devineni Venkata Ramana and Dr Hima Sekhar MIC College of Technology,"Krishna District, Andhra Pradesh"
84,Dhanekula Institute of Engineering and Technology (DIET),"Vijayawada, Krishna District, Andhra Pradesh"
85,Don Bosco Institute of Technology and Science,"Guntur, Andhra Pradesh"
86,Dr KV Subba Reddy Institute of Technology,"Kurnool, Andhra Pradesh"
87,Dr Lankapalli Bullayya College of Engineering for Women,"Visakhapatnam, Andhra Pradesh"
88,Dr Paul Raj Engineering College,"East Godavari District, Andhra Pradesh"
89,Dr Paul Raj Engineering College East Godavari,"East Godavari District, Andhra Pradesh"
90,Dr Samuel George Institute of Engineering and Technology Prakasam,"Prakasam District, Andhra Pradesh"
91,Dr. Samuel George Institute of Engineering and Technology,"Markapur, Prakasam District, Andhra Pradesh"
92,Dravidian University College of Engineering and Technology,"Kuppam, Chittoor District, Andhra Pradesh"
93,EVM College of Engineering and Technology,"Guntur, Andhra Pradesh"
94,Eluru College of Engineering and Technology,"Eluru, West Godavari District, Andhra Pradesh"
95,Eswar College of Engineering,"Narasaraopet, Guntur District, Andhra Pradesh"
96,G Pullaiah College of Engineering and Technology,"Kurnool, Andhra Pradesh"
97,G. Pulla Reddy Engineering College (GPREC),"Kurnool, Andhra Pradesh"
98,GDMM College of Engineering and Technology,"Nandigama, Krishna District, Andhra Pradesh"
99,GDMM College of Engineering and Technology Nandigama,"Nandigama, Krishna District, Andhra Pradesh"
100,GIET College of Engineering,"Rajahmundry, East Godavari District, Andhra Pradesh"
101,GIET Engineering College Rajahmundry,"Rajahmundry, East Godavari District, Andhra Pradesh"
102,GITAM (Deemed to be University),"Visakhapatnam, Andhra Pradesh"
103,GMR Institute of Technology (GMRIT),"Rajam, Srikakulam District, Andhra Pradesh"
104,GVR and S College of Engineering and Technology,"Guntur, Andhra Pradesh"
105,GVVR Institute of Technology,"Bhimavaram, West Godavari District, Andhra Pradesh"
106,Gandhiji Institute of Science and Technology,"Bhimavaram, West Godavari District, Andhra Pradesh"
107,Gates Institute of Technology,"Gooty, Anantapur District, Andhra Pradesh"
108,Gayatri Institute of Engineering and Technology West Godavari,"West Godavari District, Andhra Pradesh"
109,Gayatri Vidya Parishad College for Degree and PG Courses School of Engineering Visakhapatnam,"Visakhapatnam, Andhra Pradesh"
110,Gayatri Vidya Parishad College for Degree and PG Courses Visakhapatnam,"Visakhapatnam, Andhra Pradesh"
111,Gayatri Vidya Parishad College of Engineering (GVPCE),"Visakhapatnam, Andhra Pradesh"
112,Gayatri Vidya Parishad College of Engineering for Women,"Visakhapatnam, Andhra Pradesh"
113,Geethanjali College of Engineering and Technology,"Orvakal, Kurnool District, Andhra Pradesh"
114,Geethanjali College of Engineering and Technology Orvakal,"Orvakal, Kurnool District, Andhra Pradesh"
115,Geethanjali Institute of Science and Technology,"Nellore, Andhra Pradesh"
116,Global College of Engineering and Technology,"Kadapa, Andhra Pradesh"
117,Godavari Global University,"Rajahmundry, East Godavari District, Andhra Pradesh"
118,Godavari Institute of Engineering and Technology (GIET),"Rajahmundry, East Godavari District, Andhra Pradesh"
119,Gokul Group of Institutions,"Vizianagaram, Andhra Pradesh"
120,Gokul Institute of Technology and Sciences,"Vizianagaram, Andhra Pradesh"
121,Gokula Krishna College of Engineering Nellore,"Nellore, Andhra Pradesh"
122,Golden Valley Integrated Campus,"Madanapalle, Chittoor District, Andhra Pradesh"
123,Gonna Institute of Information Technology and Sciences,"Visakhapatnam, Andhra Pradesh"
124,Gouthami Institute of Technology and Management for Women,"Cuddapah, Kadapa District, Andhra Pradesh"
125,Grandhi Varalakshmi Venkata Rao Institute of Technology,"Bhimavaram, West Godavari District, Andhra Pradesh"
126,Gurindapalli Devanandam Mary Memorial College of Engineering and Technology for Women,"Nandigama, Krishna District, Andhra Pradesh"
127,Gurindapalli Devanandam Mary Memorial College of Engineering and Technology for Women Nandigama,"Nandigama, Krishna District, Andhra Pradesh"
128,HMKS and MGS College of Engineering,"Kanagala, Guntur District, Andhra Pradesh"
129,Haji Mohammad Khasim Saheb and Mohammad Galab Saheb College of Engineering Guntur,"Guntur, Andhra Pradesh"
130,Helapuri Institute of Technology and Science,"Eluru, West Godavari District, Andhra Pradesh"
131,Hindu College of Engineering and Technology,"Guntur, Andhra Pradesh"
132,Ideal Institute of Technology,"Kakinada, East Godavari District, Andhra Pradesh"
133,Indian Institute of Information Technology Design and Manufacturing Kurnool (IIITDM Kurnool),"Kurnool, Andhra Pradesh"
134,Indian Institute of Information Technology Sri City (IIIT Sri City),"Sri City, Chittoor District, Andhra Pradesh"
135,Indian Institute of Petroleum and Energy (IIPE),"Visakhapatnam, Andhra Pradesh"
136,Indian Institute of Science Education and Research Tirupati (IISER Tirupati),"Tirupati, Andhra Pradesh"
137,Indian Institute of Technology Tirupati (IIT Tirupati),"Tirupati, Andhra Pradesh"
138,Indira Institute of Technology and Sciences,"Markapur, Prakasam District, Andhra Pradesh"
139,Indira Priyadarshini College of Engineering and Technology for Women,"Kurnool, Andhra Pradesh"
140,Indo American Institutions Technical Campus,"Visakhapatnam, Andhra Pradesh"
141,Intell Engineering College,"Anantapur, Andhra Pradesh"
142,Intellectual Engineering College,"Anantapur, Andhra Pradesh"
143,Intellectual Institute of Technology,"Anantapur, Andhra Pradesh"
144,International School of Technology and Sciences for Women,"Rajahmundry, East Godavari District, Andhra Pradesh"
145,JNTU Gurajada College of Engineering Vizianagaram,"Vizianagaram, Andhra Pradesh"
146,JNTUA College of Engineering Anantapur,"Anantapur, Andhra Pradesh"
147,JNTUK University College of Engineering Kakinada,"Kakinada, East Godavari District, Andhra Pradesh"
148,Jagan's College of Engineering and Technology,"Nellore, Andhra Pradesh"
149,Jogaiah Institute of Technology and Sciences,"Palakole, West Godavari District, Andhra Pradesh"
150,KITS Akshar Institute of Technology,"Guntur, Andhra Pradesh"
151,KKC Institute of Technology and Engineering,"Puttur, Chittoor District, Andhra Pradesh"
152,KKC Institute of Technology and Engineering for Women,"Chittoor, Andhra Pradesh"
153,KKR and KSR Institute of Technology and Sciences (KITS),"Guntur, Andhra Pradesh"
154,KLM College of Engineering for Women,"Kadapa, Andhra Pradesh"
155,KMM Institute of Technology and Science (KMMITS),"Tirupati, Andhra Pradesh"
156,KORM College of Engineering,"Kadapa, Andhra Pradesh"
157,KS Institute of Technology and Management,"Kadapa, Andhra Pradesh"
158,KSN Institute of Technology,"Nellore, Andhra Pradesh"
159,KSRM College of Engineering,"Kadapa, Andhra Pradesh"
160,Kakinada Institute of Engineering and Technology (KIET),"Korangi, East Godavari District, Andhra Pradesh"
161,Kakinada Institute of Engineering and Technology for Women,"Korangi, East Godavari District, Andhra Pradesh"
162,Kakinada Institute of Technological Sciences,"Ramachandrapuram, East Godavari District, Andhra Pradesh"
163,Kakinada Institute of Technology and Science Divili,"Divili, East Godavari District, Andhra Pradesh"
164,Kallam Haranadha Reddy Institute of Technology (KHIT),"Guntur, Andhra Pradesh"
165,Kandula Srinivasa Reddy College of Engineering (KSRMCE),"Cuddapah, Kadapa District, Andhra Pradesh"
166,Koneru Lakshmaiah Education Foundation (KL University),"Vaddeswaram, Guntur District, Andhra Pradesh"
167,Kottam Karunakara Reddy Institute of Technology,"Kurnool, Andhra Pradesh"
168,Krishna Chaitanya Institute of Technology and Sciences,"Markapur, Prakasam District, Andhra Pradesh"
169,Krishna University College of Engineering and Technology,"Machilipatnam, Krishna District, Andhra Pradesh"
170,Kuppam Engineering College (KEC),"Kuppam, Chittoor District, Andhra Pradesh"
171,Lakireddy Bali Reddy College of Engineering (LBRCE),"Mylavaram, Krishna District, Andhra Pradesh"
172,Lendi Institute of Engineering and Technology,"Vizianagaram, Andhra Pradesh"
173,Lenora College of Engineering,"Ramachandrapuram, East Godavari District, Andhra Pradesh"
174,Lingayas Institute of Management and Technology,"Vijayawada, Krishna District, Andhra Pradesh"
175,Loyola Institute of Technology and Management (LITAM),"Guntur, Andhra Pradesh"
176,MAM Women's Engineering College,"Narasaraopet, Guntur District, Andhra Pradesh"
177,MJR College of Engineering and Technology,"Chittoor, Andhra Pradesh"
178,MVGR College of Engineering,"Vizianagaram, Andhra Pradesh"
179,MVR College of Engineering,"Visakhapatnam, Andhra Pradesh"
180,MVR College of Engineering and Technology,"Krishna District, Andhra Pradesh"
181,Madanapalle Institute of Technology and Science (MITS),"Madanapalle, Chittoor District, Andhra Pradesh"
182,Madina Engineering College,"Cuddapah, Kadapa District, Andhra Pradesh"
183,Malineni Lakshmaiah Engineering College,"Singarayakonda, Prakasam District, Andhra Pradesh"
184,Malineni Lakshmaiah Women's Engineering College Guntur,"Guntur, Andhra Pradesh"
185,Malineni Lakshmaiah Womens Engineering College,"Guntur, Andhra Pradesh"
186,Malineni Perumallu Educational Society's Group of Institutions,"Guntur, Andhra Pradesh"
187,Malineni Suseelamma Womens Engineering College,"Singarayakonda, Prakasam District, Andhra Pradesh"
188,Mandava Institute of Engineering and Technology,"Jaggayyapeta, Krishna District, Andhra Pradesh"
189,Mekapati Rajamohan Reddy Institute of Technology and Science,"Nellore, Andhra Pradesh"
190,Mentey Padmanabham College of Engineering and Technology,"Bhimavaram, West Godavari District, Andhra Pradesh"
191,Miracle Educational Society Group of Institutions,"Vizianagaram, Andhra Pradesh"
192,Modugula Kalavathamma Institute of Technology for Women,"Cuddapah, Kadapa District, Andhra Pradesh"
193,Mohamed Sathak Engineering College,"Kilakarai, Ramanathapuram, Tamil Nadu"
194,Mohan Babu University,"Tirupati, Andhra Pradesh"
195,Montessori Siva Sivani Institute of Science and Technology,"Vijayawada, Krishna District, Andhra Pradesh"
196,Mother Theresa Educational Society Group of Institutions Integrated Campus,"Vijayawada, Krishna District, Andhra Pradesh"
197,Mother Theresa Institute of Engineering and Technology,"Chittoor/Palamner, Andhra Pradesh"
198,NBKR Institute of Science and Technology (NBKRIST),"Vidyanagar, Nellore District, Andhra Pradesh"
199,NIMRA College of Engineering and Technology,"Vijayawada, Krishna District, Andhra Pradesh"
200,NRI Institute of Technology,"Guntur/Agiripalli, Krishna District, Andhra Pradesh"
201,NS Raju Institute of Engineering and Technology,"Bheemunipatnam, Visakhapatnam District, Andhra Pradesh"
202,Nadimpalli Satyanarayana Raju Institute of Technology,"Visakhapatnam, Andhra Pradesh"
203,Nalanda Institute of Technology,"Guntur, Andhra Pradesh"
204,Nannapaneni Venkat Rao College of Engineering and Technology,"Guntur, Andhra Pradesh"
205,Narasaraopeta Engineering College,"Narasaraopet, Guntur District, Andhra Pradesh"
206,Narasaraopeta Institute of Technology,"Narasaraopet, Guntur District, Andhra Pradesh"
207,Narayana Engineering College,"Gudur, Nellore District, Andhra Pradesh"
208,Narayana Engineering College (NEC),"Nellore/Gudur, Andhra Pradesh"
209,Narayanadri Institute of Science and Technology,"Cuddapah, Kadapa District, Andhra Pradesh"
210,National Institute of Technology Andhra Pradesh (NIT AP),"Tadepalligudem, West Godavari District, Andhra Pradesh"
211,Newton's Institute of Engineering (NIE),"Guntur, Andhra Pradesh"
212,Newton's Institute of Science and Technology,"Guntur, Andhra Pradesh"
213,Nightingale Engineering College for Women,"Visakhapatnam, Andhra Pradesh"
214,Nimra Institute of Engineering and Technology,"Ongole, Prakasam District, Andhra Pradesh"
215,Nimra Womens College of Engineering,"Vijayawada, Krishna District, Andhra Pradesh"
216,Nova College of Engineering and Technology,"Ibrahimpatnam/Jangareddygudem, Andhra Pradesh"
217,Nova College of Engineering and Technology Ibrahimpatnam,"Ibrahimpatnam, Krishna District, Andhra Pradesh"
218,Nova Institute of Technology,"Eluru, West Godavari District, Andhra Pradesh"
219,PBR Visvodaya Engineering College,"Nellore, Andhra Pradesh"
220,PVKK Institute of Technology,"Anantapur, Andhra Pradesh"
221,Pace Institute of Technology and Sciences,"Ongole, Prakasam District, Andhra Pradesh"
222,Paladugu Nagaiah Chowdary and Vijai Institute of Engineering and Technology,"Guntur, Andhra Pradesh"
223,Paladugu Parvathi Devi College of Engineering and Technology,"Vijayawada, Krishna District, Andhra Pradesh"
224,Parvatha Reddy Babul Reddy Visvodaya Institute of Technology and Science,"Nellore, Andhra Pradesh"
225,Potti Sriramulu Chalavadi Mallikharjuna Rao College of Engineering and Technology,"Vijayawada, Krishna District, Andhra Pradesh"
226,Pragati Engineering College,"Surampalem, East Godavari District, Andhra Pradesh"
227,Prajna Institute of Technology and Management,"Pasala, Guntur District, Andhra Pradesh"
228,Prakasam Engineering College,"Kandukur, Prakasam District, Andhra Pradesh"
229,Prasad V Potluri Siddhartha Institute of Technology (PVPSIT),"Vijayawada, Krishna District, Andhra Pradesh"
230,Prasiddha College of Engineering and Technology,"Amalapuram, East Godavari District, Andhra Pradesh"
231,Prasiddha College of Engineering and Technology Amalapuram,"Amalapuram, East Godavari District, Andhra Pradesh"
232,Praveenya Institute of Marine Engineering and Maritime Studies,"Vizianagaram, Andhra Pradesh"
233,Priayadarshini College of Engineering,"Sullurpet, Nellore District, Andhra Pradesh"
234,Priayadarshini College of Engineering and Technology,"Nellore, Andhra Pradesh"
235,Priayadarshini Institute of Technology and Management,"Guntur, Andhra Pradesh"
236,Priayadarshini Institute of Technology and Science for Women,"Tenali, Guntur District, Andhra Pradesh"
237,Priayadarshini Institute of Technology and Science Tenali,"Tenali, Guntur District, Andhra Pradesh"
238,Priayadarshini Institute of Technology Tirupati,"Tirupati, Andhra Pradesh"
239,Priyadarshini College of Engineering Sullurpet,"Sullurpet, Nellore District, Andhra Pradesh"
240,Priyadarshini Institute of Technology,"Tirupati/Nellore, Andhra Pradesh"
241,Priyadarshini Institute of Technology and Science for Women Tenali,"Tenali, Guntur District, Andhra Pradesh"
242,Pydah College of Dairy and Food Technology,"Kakinada, East Godavari District, Andhra Pradesh"
243,Pydah College of Engineering,"Kakinada, East Godavari District, Andhra Pradesh"
244,Pydah Kaushik College of Engineering,"Visakhapatnam, Andhra Pradesh"
245,QIS College of Engineering and Technology (QISCET),"Ongole, Prakasam District, Andhra Pradesh"
246,QIS Institute of Technology,"Ongole, Prakasam District, Andhra Pradesh"
247,Quba College of Engineering and Technology,"Nellore, Andhra Pradesh"
248,RGUKT Srikakulam - Rajiv Gandhi University of Knowledge Technologies Srikakulam Campus,"Srikakulam, Andhra Pradesh"
249,RISE Gandhi Group of Institutions,"Ongole, Prakasam District, Andhra Pradesh"
250,RK College of Engineering,"Vijayawada, Krishna District, Andhra Pradesh"
251,RV Institute of Technology,"Guntur, Andhra Pradesh"
252,RVR and JC College of Engineering,"Guntur, Andhra Pradesh"
253,Raghu Engineering College,"Visakhapatnam, Andhra Pradesh"
254,Raghu Institute of Technology,"Visakhapatnam, Andhra Pradesh"
255,Rajahmundry Engineering College,"Rajahmundry, East Godavari District, Andhra Pradesh"
256,Rajamahendri Institute of Engineering and Technology (RITE),"Rajahmundry, East Godavari District, Andhra Pradesh"
257,Rajeev Gandhi Memorial College of Engineering and Technology (RGMCET),"Nandyal, Kurnool District, Andhra Pradesh"
258,Rajiv Gandhi University of Knowledge Technologies (RGUKT) Nuzvid,"Nuzvid, Krishna District, Andhra Pradesh"
259,Rajiv Gandhi University of Knowledge Technologies (RGUKT)  RK Valley,"Idupulapaya, Kadapa District, Andhra Pradesh"
260,Rajiv Gandhi University of Knowledge Technologies Ongole Campus,"Ongole, Prakasam District, Andhra Pradesh"
261,Rajoli Veera Reddy Padmaja Engineering College,"Cuddapah, Kadapa District, Andhra Pradesh"
262,Ramachandra College of Engineering (RCE),"Eluru, West Godavari District, Andhra Pradesh"
263,Ramireddy Subbarami Reddy Engineering College,"Nellore, Andhra Pradesh"
264,Rao & Naidu Engineering College,"Ongole, Prakasam District, Andhra Pradesh"
265,Rao and Naidu Engineering College,"Ongole, Prakasam District, Andhra Pradesh"
266,Ravindra College of Engineering for Women (RCEW),"Kurnool, Andhra Pradesh"
267,SKR College of Engineering and Technology,"Nellore, Andhra Pradesh"
268,SRK Institute of Technology,"Vijayawada, Krishna District, Andhra Pradesh"
269,SRKR Engineering College,"Bhimavaram, West Godavari District, Andhra Pradesh"
270,SRM University AP,"Amaravati, Andhra Pradesh"
271,SSN Engineering College,"Ongole, Prakasam District, Andhra Pradesh"
272,SV College of Engineering,"Puttur, Chittoor District, Andhra Pradesh"
273,SVR Engineering College,"Nandyal, Kurnool District, Andhra Pradesh"
274,Safa College of Engineering and Technology,"Kurnool, Andhra Pradesh"
275,Sai Ganapathi Engineering College Visakhapatnam,"Visakhapatnam, Andhra Pradesh"
276,Sai Rajeswari Institute of Technology (SRIT),"Proddatur, Kadapa District, Andhra Pradesh"
277,Sai Sakthi Engineering College Chittoor,"Chittoor, Andhra Pradesh"
278,Sai Tirumala NVR Engineering College,"Guntur, Andhra Pradesh"
279,Sanketika Institute of Technology and Management,"Visakhapatnam, Andhra Pradesh"
280,Sanketika Vidya Parishad Engineering College,"Visakhapatnam, Andhra Pradesh"
281,Sanskrithi School of Engineering,"Puttaparthi, Anantapur District, Andhra Pradesh"
282,Santhiram Engineering College (SREC),"Nandyal, Kurnool District, Andhra Pradesh"
283,Sarada Institute of Science Technology and Management (SISTAM),"Srikakulam, Andhra Pradesh"
284,Sasi Institute of Technology and Engineering (SITE),"Tadepalligudem, West Godavari District, Andhra Pradesh"
285,Satya Institute of Technology and Management (SITAM),"Vizianagaram, Andhra Pradesh"
286,Seshachala Institute of Engineering and Technology,"Puttur/Tirupati, Chittoor District, Andhra Pradesh"
287,Seshachala Institute of Technology,"Puttur, Chittoor District, Andhra Pradesh"
288,Seshadri Rao Gudlavalleru Engineering College (SRGEC),"Gudlavalleru, Krishna District, Andhra Pradesh"
289,Shiva Rama Krishna College of Engineering and Technology,"Srikakulam, Andhra Pradesh"
290,Shree Institute of Technical Education,"Tirupati, Andhra Pradesh"
291,Shri Shirdi Sai Institute of Science and Engineering,"Anantapur, Andhra Pradesh"
292,Shri Venkateshwara University,"Tirupati, Andhra Pradesh"
293,Shri Vishnu Engineering College for Women (SVECW),"Bhimavaram, West Godavari District, Andhra Pradesh"
294,Siddartha Educational Academy Group of Institutions,"Tirupati, Andhra Pradesh"
295,Siddharth Institute of Engineering and Technology,"Puttur, Chittoor District, Andhra Pradesh"
296,Siddhartha Educational Academy Group of Institutions,"Tirupati, Andhra Pradesh"
297,Siddhartha Institute of Science and Technology (SISTK),"Puttur, Chittoor District, Andhra Pradesh"
298,Simhadri Educational Society Group of Institutions,"Sabbavaram, Visakhapatnam District, Andhra Pradesh"
299,Sir CR Reddy College of Engineering,"Eluru, West Godavari District, Andhra Pradesh"
300,Sir CV Raman Institute of Technology and Sciences,"Tadipatri, Anantapur District, Andhra Pradesh"
301,Sree Rama Educational Society Group of Institutions,"Tirupati, Andhra Pradesh"
302,Sree Rama Engineering College,"Tirupati, Andhra Pradesh"
303,Sree Rama Engineering College Tirupathi,"Tirupati, Andhra Pradesh"
304,Sree Vahini Institute of Science and Technology,"Tiruvuru, Krishna District, Andhra Pradesh"
305,Sree Venkateswara College of Engineering Nellore,"Nellore, Andhra Pradesh"
306,Sree Venkateswara College of Science and Technology,"Nellore, Andhra Pradesh"
307,Sree Venkateswara Engineering College,"Nellore, Andhra Pradesh"
308,Sree Venkateswara Institute of Engineering and Research Foundation,"Nellore, Andhra Pradesh"
309,Sreenivasa College of Engineering and Technology,"Kurnool, Andhra Pradesh"
310,Sreenivasa Institute of Technology and Management Studies,"Chittoor, Andhra Pradesh"
311,Sri Annamacharya Institute of Technology and Sciences Rajampet,"Rajampet, Kadapa District, Andhra Pradesh"
312,Sri Chaitanya DJR Institute of Technology,"Krishna District, Andhra Pradesh"
313,Sri Chaitanya Engineering College,"Visakhapatnam, Andhra Pradesh"
314,Sri Chaitanya Institute of Technology,"Proddatur, Kadapa District, Andhra Pradesh"
315,Sri Kalahastheswara Institute of Technology,"Chittoor, Andhra Pradesh"
316,Sri Mittapalli College of Engineering,"Guntur, Andhra Pradesh"
317,Sri Mittapalli Institute of Technology for Women,"Guntur, Andhra Pradesh"
318,Sri Padmavathi Engineering College,"Tirupati/Nellore, Andhra Pradesh"
319,Sri Prakash College of Engineering,"East Godavari District, Andhra Pradesh"
320,"Sri Prakash College of Engineering, East Godavari","East Godavari District, Andhra Pradesh"
321,Sri Prakash College of Technology,"East Godavari District, Andhra Pradesh"
322,"Sri Prakash College of Technology, East Godavari","East Godavari District, Andhra Pradesh"
323,Sri Raghavendra Institute of Science and Technology,"Nellore, Andhra Pradesh"
324,Sri Sai College of Engineering and Technology,"Anantapur, Andhra Pradesh"
325,Sri Sai Ganapathi Engineering College,"Visakhapatnam, Andhra Pradesh"
326,Sri Sai Institute of Technology and Science,"Rayachoti, Kadapa District, Andhra Pradesh"
327,Sri Sai Madhavi Institute of Science and Technology,"Mallampudi, Guntur District, Andhra Pradesh"
328,Sri Sarathi Institute of Engineering and Technology,"Krishna District, Andhra Pradesh"
329,Sri Satya Narayana (SSN) Engineering College,"Ongole, Prakasam District, Andhra Pradesh"
330,"Sri Satya Narayana College of Engineering and Technology, Ongole","Ongole, Prakasam District, Andhra Pradesh"
331,Sri Sivani College of Engineering,"Srikakulam, Andhra Pradesh"
332,Sri Sivani Institute of Technology,"Srikakulam, Andhra Pradesh"
333,Sri Sunflower College of Engineering and Technology,"Krishna District, Andhra Pradesh"
334,Sri Vani Educational Society Group of Institutions,"Vijayawada, Krishna District, Andhra Pradesh"
335,Sri Vasavi Engineering College,"Tadepalligudem, West Godavari District, Andhra Pradesh"
336,Sri Vasavi Institute of Engineering and Technology,"Pedana/Peravali, Krishna/West Godavari District, Andhra Pradesh"
337,Sri Vatsavai Krishnam Raju College of Engineering and Technology,"West Godavari District, Andhra Pradesh"
338,Sri Veeravenkata Satyanarayana (SVVSN) Engineering College,"S N Padu, Prakasam District, Andhra Pradesh"
339,Sri Venkatesa Perumal College of Engineering and Technology (SVPCET),"Puttur, Chittoor District, Andhra Pradesh"
340,Sri Venkateswara College of Engineering (SVCE),"Tirupati, Andhra Pradesh"
341,Sri Venkateswara College of Engineering and Technology (SVCET),"Etcherla, Srikakulam District, Andhra Pradesh"
342,"Sri Venkateswara College of Engineering, Kadapa","Kadapa, Andhra Pradesh"
343,"Sri Venkateswara Engineering College, Tirupati (SVEC)","Tirupati, Andhra Pradesh"
344,Sri Venkateswara Institute of Science and Information Technology,"West Godavari District, Andhra Pradesh"
345,"Sri Venkateswara Institute of Science and Information Technology, West Godavari","West Godavari District, Andhra Pradesh"
346,Sri Venkateswara Institute of Science and Technology,"Kadapa, Andhra Pradesh"
347,"Sri Venkateswara Institute of Science and Technology, Kovur","Kovur, Nellore District, Andhra Pradesh"
348,Sri Venkateswara Institute of Technology,"Anantapur, Andhra Pradesh"
349,Sri Venkateswara University College of Engineering,"Tirupati, Andhra Pradesh"
350,Sri Vidyanikethan Engineering College,"Tirupati, Andhra Pradesh"
351,Sri Vijaya Institute of Technology for Women,"Vijayawada, Krishna District, Andhra Pradesh"
352,Srinivasa College of Engineering and Technology,"East Godavari District, Andhra Pradesh"
353,"Srinivasa College of Engineering and Technology, East Godavari","East Godavari District, Andhra Pradesh"
354,Srinivasa Institute of Engineering and Technology,"Amalapuram/Kadapa/Thiruvallur, Andhra Pradesh"
355,Srinivasa Ramanujan Institute of Technology,"Anantapur, Andhra Pradesh"
356,St Ann's College of Engineering and Technology (SACET),"Chirala, Prakasam District, Andhra Pradesh"
357,St Anns Engineering College,"Chirala, Prakasam District, Andhra Pradesh"
358,St Johns College of Engineering and Technology,"Kurnool, Andhra Pradesh"
359,St Mark Educational Institution Society Group of Institution,"Anantapur, Andhra Pradesh"
360,St Mary's Group of Institutions,"Guntur, Andhra Pradesh"
361,St Mary's Women Engineering College,"Guntur, Andhra Pradesh"
362,"St Mary's Women's Engineering College, Guntur","Guntur, Andhra Pradesh"
363,Stanley Stephen College of Engineering and Technology,"Kurnool, Andhra Pradesh"
364,Swamy Vivekananda Engineering College,"Vizianagaram, Andhra Pradesh"
365,Swarnadhara College of Engineering and Technology,"Narsapur, West Godavari District, Andhra Pradesh"
366,Swarnandhra College of Engineering and Technology,"Narsapur, West Godavari District, Andhra Pradesh"
367,Swarnandhra Institute of Engineering and Technology,"Narsapur, West Godavari District, Andhra Pradesh"
368,Swetha Institute of Technology and Science (SITS),"Tirupati, Andhra Pradesh"
369,Swetha Institute of Technology and Science for Women,"Tirupati, Andhra Pradesh"
370,Syamaladevi Institute of Technology for Women,"Kurnool, Andhra Pradesh"
371,Tadipatri Engineering College,"Tadipatri, Anantapur District, Andhra Pradesh"
372,Tenali Engineering College,"Tenali, Guntur District, Andhra Pradesh"
373,Thandra Paparaya Institute of Science and Technology,"Vizianagaram, Andhra Pradesh"
374,The Apollo University,"Chittoor, Andhra Pradesh"
375,Tirumala Engineering College,"Narasaraopet, Guntur District, Andhra Pradesh"
376,Universal College of Engineering and Technology (UCET),"Guntur, Andhra Pradesh"
377,Usha Rama College of Engineering and Technology,"Krishna District, Andhra Pradesh"
378,VIT-AP University,"Amaravati, Andhra Pradesh"
379,"VKR, VNB and AGK College of Engineering","Krishna District, Andhra Pradesh"
380,VRS and YRN College of Engineering and Technology,"Prakasam District, Andhra Pradesh"
381,VS Lakshmi Engineering College for Women,"Kakinada, East Godavari District, Andhra Pradesh"
382,VSM College of Engineering,"Ramachandrapuram, East Godavari District, Andhra Pradesh"
383,Vaagdevi Institute of Technology and Science,"Kadapa, Andhra Pradesh"
384,Vaishnavi Institute of Technology,"Tirupati, Andhra Pradesh"
385,Varaprasad Reddy Institute of Technology,"Guntur, Andhra Pradesh"
386,Vasireddy Venkatadri Institute of Technology (VVIT),"Guntur, Andhra Pradesh"
387,Velaga Nageswara Rao College of Engineering,"Ponnur, Guntur District, Andhra Pradesh"
388,Velagapudi Ramakrishna Siddhartha Engineering College (VRSEC),"Vijayawada, Krishna District, Andhra Pradesh"
389,Vemu Institute of Technology,"Chittoor, Andhra Pradesh"
390,"Vignan's Foundation for Science Technology and Research, Guntur","Guntur, Andhra Pradesh"
391,"Vignan's Foundation for Science, Technology and Research (VFSTR)","Guntur, Andhra Pradesh"
392,Vignan's Institute of Engineering for Women,"Visakhapatnam, Andhra Pradesh"
393,Vignan's Institute of Information Technology (VIIT),"Visakhapatnam, Andhra Pradesh"
394,Vignan's Lara Institute of Technology and Science (VLITS),"Guntur, Andhra Pradesh"
395,Vignan's Nirula Institute of Technology and Science for Women,"Guntur, Andhra Pradesh"
396,Vignana Bharathi Institute of Technology,"Proddatur, Kadapa District, Andhra Pradesh"
397,Vijaya Institute of Technology for Women,"Vijayawada, Krishna District, Andhra Pradesh"
398,Vijayam Institute of Technology,"Chittoor, Andhra Pradesh"
399,Vikas College of Engineering and Technology,"Vijayawada, Krishna District, Andhra Pradesh"
400,Vikas Group of Institutions,"Vijayawada, Krishna District, Andhra Pradesh"
401,Vikrama Simhapuri University College of Engineering,"Nellore, Andhra Pradesh"
402,Visakha Institute of Engineering and Technology,"Visakhapatnam, Andhra Pradesh"
403,Visakha Technical Campus,"Visakhapatnam, Andhra Pradesh"
404,Vishnu Institute of Technology (VIT),"Bhimavaram, West Godavari District, Andhra Pradesh"
405,Visvodaya Engineering College,"Nellore/Kavali, Andhra Pradesh"
406,Viswam Engineering College,"Chittoor, Andhra Pradesh"
407,Viswanadha Institute of Technology and Management,"Visakhapatnam, Andhra Pradesh"
408,Vizag Institute of Technology,"Visakhapatnam, Andhra Pradesh"
409,Wellfare Institute of Science Technology and Management,"Visakhapatnam, Andhra Pradesh"
410,West Godavari Institute of Science and Engineering,"West Godavari District, Andhra Pradesh"
411,"West Godavari Institute of Science and Engineering, West Godavari","West Godavari District, Andhra Pradesh"
412,YV Siva Reddy College of Engineering and Technology,"Anantapur, Andhra Pradesh"
413,Yogananda Institute of Technology and Science (YITS),"Tirupati, Andhra Pradesh"
